4.628930334083270282e+01,4.666907876188270166e+01,4.661548006663360866e+01,2.537099207279767393e-10,5.064893372033397602e-11,3.771786677881191498e-10
4.929996860542814829e+01,5.013899513143405784e+01,4.932357338451038231e+01,5.630925662543638664e-11,8.934855657738838542e-12,9.738501377273263394e-11
4.669810507752481499e+01,4.743070701584292692e+01,4.667145733032521093e+01,2.068079741612538856e-10,3.460866386961714386e-11,3.667683182178564599e-10
4.432939653289577109e+01,4.469796522629985702e+01,4.427871828039133106e+01,6.759674837870461912e-10,1.357038511535178851e-10,1.213300836096428766e-09
3.803833505321017583e+01,3.839847825767719769e+01,3.784244434904030641e+01,1.570407817259975932e-08,3.165981606278904643e-09,3.031011771792314195e-08
3.731716712501292932e+01,3.847817149903494283e+01,3.731819931964128045e+01,2.252226552837316689e-08,3.042308283258776253e-09,3.939362848152216578e-08
3.697267600513805519e+01,3.820647027291488484e+01,3.677594747369221295e+01,2.675576485913533651e-08,3.484996862957752542e-09,5.166238803180716011e-08
3.534811294232349610e+01,3.600696343534946209e+01,3.492383226046149503e+01,6.028187573331289111e-08,1.046692790320115642e-08,1.304236005787305052e-07
3.860348572877046536e+01,3.946166210015871911e+01,3.824278044778111507e+01,1.183835989003814355e-08,1.860548302239670739e-09,2.481165557161246518e-08
3.363174987200545729e+01,3.433593225300137419e+01,3.314079293335453258e+01,1.421969438808531376e-07,2.413676396853943334e-08,3.180813865885030319e-07
3.367030393046297831e+01,3.432870441264094552e+01,3.328509170877077850e+01,1.394820607493930611e-07,2.422415011510138540e-08,2.959403444509030263e-07
3.401902127214998472e+01,3.502643427479051752e+01,3.383320492364873644e+01,1.171643119669289052e-07,1.708985723058547330e-08,2.250001992042262580e-07
3.472922993253087043e+01,3.559505242862360319e+01,3.459561211135223857e+01,8.214393350371349290e-08,1.286069892646178585e-08,1.536838689802132205e-07
3.263164573286121595e+01,3.345664581961682416e+01,3.266791038219525944e+01,2.344553336759940800e-07,3.746395874557543051e-08,4.029242416451360693e-07
3.686717111222242238e+01,3.791390982260054443e+01,3.695779386144204182e+01,2.820508851143229800e-08,4.033955342582912738e-09,4.717229824269419897e-08
3.890177551006490830e+01,3.996014284987541032e+01,3.894743645072230720e+01,1.019808753776080108e-08,1.450097587042151026e-09,1.744382161924557781e-08
3.999411009831965202e+01,4.065359147783601657e+01,4.002135295968400897e+01,5.906378757803172784e-09,1.025219300687241388e-09,1.019632406486908007e-08
4.245387068170020939e+01,4.290603202682541450e+01,4.262728856139437994e+01,1.726597347557161940e-09,3.324340671287496393e-10,2.770587713639965663e-09
4.266753516407698044e+01,4.289473870493020513e+01,4.298212181395501830e+01,1.551652325214322941e-09,3.343165193762595442e-10,2.320175530241440256e-09
4.252694639532637666e+01,4.264766307978788973e+01,4.310865127496799687e+01,1.664649788018435625e-09,3.782767307121333060e-10,2.177937029236483997e-09
3.869744222352528595e+01,3.917373157898327918e+01,3.980840543672093190e+01,1.129507567407072060e-08,2.148643023507232508e-09,1.134186822292430078e-08
4.028894141729688272e+01,4.080522596324226470e+01,4.171740121779657784e+01,5.096822227073530937e-09,9.503635331545672332e-10,4.366680635407772431e-09
3.809535776049960987e+01,3.870676858820661437e+01,3.965869499004111276e+01,1.526265631563900791e-08,2.713713484569123526e-09,1.222345020050767308e-08
4.019075931168481475e+01,4.044388178192457417e+01,4.177443357224547071e+01,5.353273835390626826e-09,1.138556679390462747e-09,4.243918271982579781e-09
4.022478101128945127e+01,4.058649438054271741e+01,4.134417732568545034e+01,5.262980260780386051e-09,1.060197371418655270e-09,5.262546770830717299e-09
3.873359931612139917e+01,3.934853614349776763e+01,3.970246232222052640e+01,1.109271185893924701e-08,1.968819665792376872e-09,1.195886193753327602e-08
3.786360401700221701e+01,3.805815287221412291e+01,3.913531979155231966e+01,1.713778976425164299e-08,3.753263936205653562e-09,1.587973635902009530e-08
3.590600639262993354e+01,3.612346657140369643e+01,3.725031421174935531e+01,4.560807413134189918e-08,9.874631511621143881e-09,4.075370042362653415e-08
3.935260219564224826e+01,3.883639224061334971e+01,3.995551381324548856e+01,8.139973004626235971e-09,2.543411169626949453e-09,1.053756869871540302e-08
3.894157543811888900e+01,3.864596217118378263e+01,3.963872699247440323e+01,9.997151899576831503e-09,2.797486106860870115e-09,1.234610036316060061e-08
4.025504136211020523e+01,3.975809350332929171e+01,4.070933911844986142e+01,5.183949826069443221e-09,1.604248670399428754e-09,7.228519114992768024e-09
4.140448720047425013e+01,4.124983620404964313e+01,4.212396032387914602e+01,2.917842172879695585e-09,7.609285451577461440e-10,3.563430082966990888e-09
4.406219503363172407e+01,4.406459204446582589e+01,4.498963579441624461e+01,7.725878497082998792e-10,1.862633508791389223e-10,8.503441340645227271e-10
4.377807723636942683e+01,4.384940908652788494e+01,4.445166330997381010e+01,8.905191633323385838e-10,2.074215127342068946e-10,1.112791913051959663e-09
4.622593322959437501e+01,4.632870165183339850e+01,4.683195990059903124e+01,2.618774446023940509e-10,6.004574771301969336e-11,3.384847630060512852e-10
4.096085951410714188e+01,4.144508384287473746e+01,4.169262502735728049e+01,3.642456091035556102e-09,6.901546052407698181e-10,4.421111944929451965e-09
3.984374854069756111e+01,4.018864687198220054e+01,4.083901096639601747e+01,6.367543064979766357e-09,1.293535082626086340e-09,6.774721549270695562e-09
4.047814240880325087e+01,4.079322978039635927e+01,4.132274260598569526e+01,4.636764222122024538e-09,9.560810304055086570e-10,5.319250693715222353e-09
3.769401730576282716e+01,3.807974233806453412e+01,3.908687596302479506e+01,1.865434898712794294e-08,3.712966346585103464e-09,1.626907014135927131e-08
3.618113005160194007e+01,3.650517955152099603e+01,3.775535114726881147e+01,3.974654565821798984e-08,8.158925690669319915e-09,3.165918069074539957e-08
3.482553054164600326e+01,3.518755918555689277e+01,3.653385285045442288e+01,7.828239134134030304e-08,1.576705580708211138e-08,5.831021685058394103e-08
3.698518722893277300e+01,3.777812479039494065e+01,3.881467641320705297e+01,2.658891360062954696e-08,4.317341784993211219e-09,1.864103890175481284e-08
3.843847721010388341e+01,3.903491624589514686e+01,4.047908351433943608e+01,1.285649789626843374e-08,2.303072630229396540e-09,8.110520062991074018e-09
3.750485122425016016e+01,3.831843583350928384e+01,4.026354489404548076e+01,2.050486857313132259e-08,3.295257665250912720e-09,9.033422430806109723e-09
3.888528187632618938e+01,3.993152498397830641e+01,4.235416114729741821e+01,1.028253703927232176e-08,1.470996097303132693e-09,3.176002008334436529e-09
3.649969546214924776e+01,3.717310541143160663e+01,3.986137144825988798e+01,3.389407533964275474e-08,5.842446175441095554e-09,1.104544388955994986e-08
3.720860692597489106e+01,3.787362786125959246e+01,3.988119996096793329e+01,2.377856390246273737e-08,4.116026885438958263e-09,1.093647757980523850e-08
3.834250681995035848e+01,3.894080985752952984e+01,4.080892644434788963e+01,1.348846062590322308e-08,2.414029521164722124e-09,6.877398993581281047e-09
3.750826627565038507e+01,3.824896939422978903e+01,3.910839995290734805e+01,2.046988585850717690e-08,3.411723481467427996e-09,1.609492126628638728e-08
3.867520046999925398e+01,3.970676500813715393e+01,4.002779602239388623e+01,1.142138786805167886e-08,1.645953376377850802e-09,1.016352914049043275e-08
4.075024564885097789e+01,4.174535286061291117e+01,4.228299027664616005e+01,4.046956580479329987e-09,5.939416779005934331e-10,3.291056411831172673e-09
4.218953905790476711e+01,4.297903041815879988e+01,4.312416308445244795e+01,1.970561312745660722e-09,3.205192543132660588e-10,2.161110493954169938e-09
3.951711915092528216e+01,4.042424370188746252e+01,4.083385567916047876e+01,7.497190767052116228e-09,1.149791279217616317e-09,6.792206892845061723e-09
3.780051863403423340e+01,3.891367287226967164e+01,3.856114969408736215e+01,1.768697767858352234e-08,2.447007487632170678e-09,2.116034481234628899e-08
3.739507296291776584e+01,3.819387441980143194e+01,3.773672246986097889e+01,2.166182468088647760e-08,3.507014376818759669e-09,3.195544262288372275e-08
3.696052312593747047e+01,3.763885153080991586e+01,3.796043457567066071e+01,2.691883960340975713e-08,4.628702147597040955e-09,2.857369277692435386e-08
3.739720102194769424e+01,3.866799465151052573e+01,3.832938465787810856e+01,2.163878811804285033e-08,2.766837454464881835e-09,2.376018832124737925e-08
3.433434661442515790e+01,3.575622786775420536e+01,3.505161644182953751e+01,1.000744745429684601e-07,1.186494609445052970e-08,1.223511915207056026e-07
3.464929186622612178e+01,3.645188394264550880e+01,3.484726561031857273e+01,8.549364351558409759e-08,8.379265899718408376e-09,1.355134563467721820e-07
3.542815741594677093e+01,3.686101232417058782e+01,3.576237368013607920e+01,5.791690167530718816e-08,6.829122024733083615e-09,8.575693087518009271e-08
3.387774142942362232e+01,3.514053182757925242e+01,3.398881095673277741e+01,1.257401211855499275e-07,1.614219040928372697e-08,2.081581799089425235e-07
3.385549968644772889e+01,3.471644958186516305e+01,3.397044929228650290e+01,1.271462651956490210e-07,1.995495512286485661e-08,2.100780447278966889e-07
3.413033810846172855e+01,3.547406582355688442e+01,3.422959683435692568e+01,1.108212903706603902e-07,1.366269831580784611e-08,1.845472138191231287e-07
3.400966815847641556e+01,3.522581664384415490e+01,3.404437516626421711e+01,1.177135207331492321e-07,1.546831840968752461e-08,2.024547017068794572e-07
3.013284262850356754e+01,3.105188558693043888e+01,2.994752476503344951e+01,8.178399417244418366e-07,1.246811261334945998e-07,1.570173445158588642e-06
3.216944096220322535e+01,3.249910779780839221e+01,3.179119856691977475e+01,2.954109625701376305e-07,6.047006091294998173e-08,6.245956409765617361e-07
3.429655211239514756e+01,3.480425055643718224e+01,3.384987660307524493e+01,1.019835887006414568e-07,1.909787366270430334e-08,2.231324291394948222e-07
3.213130174567413633e+01,3.269531588249446941e+01,3.159146292214791174e+01,3.010983900588367077e-07,5.481941060002098185e-08,6.901937037776782079e-07
3.167429315917615895e+01,3.253176417182476143e+01,3.124061440870355000e+01,3.783960437273245795e-07,5.949071170702641182e-08,8.225395322651261848e-07
3.124166364823759068e+01,3.324918765736219939e+01,3.104033138354134280e+01,4.697760713940822939e-07,4.155876508795837912e-08,9.091754206843622830e-07
3.094572276928010979e+01,3.258499084872528329e+01,3.075086125269081094e+01,5.446953114688506146e-07,5.792834734108125098e-08,1.050764341942115669e-06
3.165459891415230231e+01,3.258492226290763938e+01,3.141305594596997253e+01,3.821405620357263474e-07,5.793033390667719595e-08,7.545909213603814319e-07
3.153175585802091518e+01,3.264970555940089980e+01,3.132833550011855550e+01,4.063480394616421306e-07,5.608394021194136322e-08,7.872422372337679269e-07
3.304979881145845866e+01,3.410749405187016237e+01,3.303934521432529436e+01,1.902213807476248911e-07,2.705725711651063380e-08,3.346319068575503484e-07
3.310589964313840028e+01,3.412216066913970280e+01,3.308878881175041897e+01,1.849597326205149666e-07,2.685956365878801084e-08,3.264606247730255744e-07
3.552135398844256997e+01,3.693721730618563015e+01,3.548439782716013724e+01,5.527998826761678289e-08,6.573810357160722833e-09,9.854416622965393085e-08
4.032906401341460878e+01,4.159706412359082606e+01,4.022133544954340323e+01,4.995592155570308253e-09,6.396527798850327886e-10,9.226096315082323538e-09
3.729871763287155773e+01,3.891388069542517769e+01,3.741811219066221383e+01,2.273098893891546461e-08,2.446753228433823434e-09,3.747401105007563704e-08
3.929460197719890857e+01,4.117479492332131485e+01,3.943541707509211847e+01,8.379489324547642399e-09,7.900214506669473264e-10,1.366715093715588375e-08
3.785173368026880780e+01,3.974052087612290052e+01,3.816023006965406239e+01,1.723980787980589495e-08,1.618406207516325969e-09,2.585719023634019393e-08
3.645726386430396815e+01,3.759816012750889058e+01,3.676722851336671738e+01,3.462084749222246951e-08,4.723840890916255278e-09,5.188810082534115471e-08
4.126460180958383717e+01,4.239504861844761763e+01,4.130938591604353860e+01,3.129230277736141457e-09,4.292043948226451474e-10,5.354893369404761888e-09
4.404129184437988442e+01,4.583768795691503328e+01,4.365182991491383291e+01,7.807049692580039099e-10,7.675462007239320371e-11,1.659952175350468683e-09
4.439668816802077345e+01,4.565078799112961860e+01,4.396680254636157770e+01,6.536023613767825361e-10,8.427317148924509675e-11,1.418078060339836991e-09
4.536796778327334323e+01,4.613561119904261432e+01,4.458582039767134120e+01,4.021637519315136118e-10,6.613194810529171233e-11,1.040595921554002428e-09
4.482934273361388477e+01,4.450278178179723909e+01,4.376765448450896656e+01,5.264581670493556365e-10,1.496152005895378435e-10,1.566551187345276589e-09
4.563478985089022899e+01,4.437899259515688755e+01,4.421538697248979588e+01,3.519356389479037495e-10,1.591681613545222656e-10,1.252335569015689558e-09
4.508322608518938068e+01,4.410561742106801830e+01,4.338014401331020053e+01,4.636964788773351141e-10,1.824815092957532951e-10,1.901478502407579350e-09
4.327290801740673487e+01,4.258210559514554916e+01,4.150799024584921426e+01,1.146408432043636775e-09,3.908816238806635373e-10,4.848690296175973627e-09
4.032858832909914781e+01,4.017004002905741800e+01,3.885469730446493486e+01,4.996780459296489680e-09,1.305625538774790162e-09,1.827173073984343552e-08
3.676169549031328643e+01,3.782460359264587169e+01,3.640645536648662528e+01,2.973248491579034043e-08,4.218166201477271939e-09,6.214535434805449890e-08
3.899162040889132186e+01,3.918027700179663952e+01,3.817614071029674960e+01,9.750102102433926752e-09,2.141622629103813731e-09,2.565230405356048859e-08
3.948940536774534849e+01,4.023050734585558530e+01,3.905663439752606791e+01,7.601801643642608753e-09,1.266742452994856074e-09,1.651694049065321724e-08
3.678163285363552859e+01,3.719138544340967201e+01,3.653349276673179702e+01,2.943756366898603440e-08,5.789289420834629243e-09,5.832071607568093672e-08
3.713139370634235092e+01,3.704304657699321979e+01,3.651243527925907983e+01,2.471452452541675776e-08,6.235002574340502619e-09,5.893800387989961799e-08
3.701477387686827569e+01,3.729029073603305733e+01,3.683142377202239004e+01,2.619847028544895676e-08,5.509957514386301944e-09,5.024906115938465949e-08
3.359656919899862260e+01,3.405951240163994953e+01,3.362234355171312927e+01,1.447203648191366170e-07,2.771423221706197701e-08,2.500177645465538326e-07
3.195919279346708208e+01,3.245042226284931530e+01,3.216674586957378779e+01,3.281568071458877730e-07,6.196013219431687155e-08,5.176662940053187903e-07
3.629214293474069564e+01,3.686952302252029767e+01,3.631971761871682247e+01,3.760046788523751386e-08,6.800123469208612149e-09,6.489982582888625163e-08
3.708665780275987345e+01,3.758229987829327001e+01,3.734957373301222106e+01,2.527356682576842912e-08,4.761450465017713076e-09,3.878047440096449212e-08
3.830732095422354178e+01,3.907384022740006912e+01,3.844135071600976516e+01,1.372786191881056646e-08,2.258683602511539347e-09,2.246656920929713977e-08
3.544848756023930036e+01,3.658396251876547467e+01,3.549869911036148551e+01,5.733115431706789938e-08,7.843781255830491284e-09,9.784202558495988956e-08
3.505893278508665389e+01,3.645135500157266506e+01,3.512074572997880750e+01,6.965967287489396961e-08,8.381482261734034878e-09,1.181944186591171133e-07
3.143001819275013986e+01,3.239692473242394044e+01,3.146482669114629971e+01,4.275532598537448399e-07,6.363985431753899936e-08,7.353086946835993812e-07
2.977242187279989594e+01,3.083326231842875131e+01,2.999528591607668204e+01,9.793381878805515443e-07,1.390830339464493790e-07,1.533120977590313517e-06
2.984061719277815428e+01,3.125387490079447161e+01,3.033709914002247388e+01,9.465079453392273581e-07,1.127039906729501847e-07,1.292268111389459761e-06
3.243333560946120997e+01,3.381068255393620348e+01,3.299172682244898169e+01,2.588943741529908217e-07,3.138597080881456025e-08,3.426948284477211785e-07
3.224685075461457018e+01,3.383101471723784925e+01,3.341828097061079461e+01,2.841955575552607955e-07,3.106851484258249295e-08,2.768742035081094589e-07
3.263535500815487467e+01,3.442906873585161520e+01,3.388317148124770029e+01,2.340209069642498975e-07,2.303852725563214810e-08,2.194485939054947918e-07
3.335958082728757290e+01,3.568038610465737293e+01,3.437289711910489132e+01,1.629262342565125603e-07,1.232351502872642025e-08,1.717869746655402167e-07
3.587053195235785097e+01,3.844155814051191555e+01,3.702198670798679814e+01,4.642425154345515106e-08,3.098515761607467013e-09,4.568227629291134548e-08
3.892923622071975842e+01,4.154763324227678822e+01,4.060443241749453591e+01,1.005902107295322326e-08,6.556590666401925104e-10,7.617799440330434548e-09
4.070325450825112057e+01,4.290864911239987123e+01,4.171162513410308748e+01,4.143167978126380048e-09,3.319993474146827615e-10,4.379310020131744160e-09
3.766579939782604924e+01,3.969960865195025690e+01,3.897210617025120882e+01,1.891940779261409091e-08,1.651853440136437713e-09,1.722997611432722159e-08
3.839226945495465770e+01,3.910115570807101903e+01,3.899203889463387895e+01,1.315699075831672979e-08,2.228044793083284432e-09,1.705910880887881015e-08
3.633217032884567743e+01,3.759074707796389703e+01,3.681778465079332818e+01,3.685542392268979840e-08,4.741382413160551450e-09,5.059290879007205174e-08
3.629010698789716116e+01,3.721778593778435607e+01,3.697599803838238586e+01,3.763876365091945295e-08,5.713371539207978621e-09,4.674487996114632821e-08
3.469204738459666260e+01,3.523556624553748406e+01,3.624959543459408451e+01,8.368537818852975384e-08,1.539309693183102870e-08,6.721564494293335927e-08
3.574882730760873528e+01,3.561042304301736294e+01,3.561724440619582310e+01,4.933700004846417494e-08,1.276223933516533438e-08,9.221119520901236471e-08
3.701895049406084581e+01,3.542908059744149796e+01,3.560626523153405287e+01,2.614381688119140039e-08,1.397349026101494257e-08,9.271878858235600599e-08
3.457132441939029377e+01,3.341642374749062583e+01,3.386637912730657263e+01,8.889232019229157567e-08,3.822502503560539177e-08,2.212988799305548557e-07
3.571065187731073820e+01,3.402589415206239210e+01,3.556902670261115418e+01,5.028777585353255974e-08,2.818402151690819841e-08,9.446131617768344742e-08
3.395300603572104592e+01,3.407929070730824606e+01,3.589283563191202120e+01,1.210961603462628197e-07,2.744151264430936083e-08,8.034147059645627788e-08
3.508202003360202070e+01,3.390641273766959785e+01,3.529993602306058165e+01,6.886017123669566179e-08,2.991906527110101667e-08,1.080653068957790119e-07
3.402516279414703604e+01,3.360203364108747337e+01,3.495384807726077270e+01,1.168050802070440800e-07,3.483718880365052357e-08,1.284808300543605525e-07
3.611931398712476948e+01,3.718643814748793375e+01,3.665933788521579118e+01,4.099421535642711197e-08,5.803627811559542040e-09,5.476409654907778964e-08
3.697542566807169351e+01,3.801638303736035596e+01,3.707872818719988572e+01,2.671900546646315585e-08,3.832474820825680590e-09,4.440444849643774749e-08
3.644078693117626244e+01,3.774909242711873958e+01,3.685928011472060462e+01,3.490724831862634144e-08,4.380470185674996511e-09,4.955403508243945637e-08
3.597160421767694061e+01,3.435510008640630986e+01,3.552712105589671410e+01,4.413644474466891123e-08,2.390654419891129521e-08,9.646142827366578060e-08
3.660793837203164003e+01,3.405505065922261565e+01,3.764289920719238580e+01,3.210843523202516941e-08,2.777612811500344117e-08,3.349024310406249626e-08
3.952702424526069080e+01,3.771167591416451614e+01,4.016368545728619210e+01,7.460152369065136747e-09,4.463192528084984725e-09,9.495908491572672418e-09
4.119468640846753260e+01,4.038670435695530614e+01,4.438609471419476904e+01,3.240555472409196320e-09,1.171576294161393272e-09,1.149878623799912863e-09
4.105150808204052737e+01,4.167857844215905061e+01,4.552092385253490647e+01,3.481049819020516529e-09,6.141064831377790593e-10,6.519690569241730676e-10
3.926372266773614683e+01,3.987701712418129318e+01,4.452609033823682694e+01,8.509869670277663106e-09,1.511637829669278110e-09,1.072142068294728599e-09
4.044119254953693599e+01,4.110539764862187440e+01,4.561848909851687495e+01,4.723224327814228384e-09,8.179152584301382554e-10,6.209275938644880041e-10
3.885458767653108225e+01,3.968866735873962170e+01,4.401556928489662823e+01,1.044156132190728717e-08,1.660914910001605516e-09,1.383918692024078358e-09
4.171483755187000497e+01,4.276082119130660431e+01,4.996099543969103252e+01,2.498446616889653275e-09,3.574683990076186122e-10,7.080724376401669105e-11
4.010138641702360474e+01,4.132807919177867007e+01,4.906794486323633464e+01,5.597918056180222291e-09,7.317346612426843860e-10,1.106626734976130583e-10
3.826770960049543646e+01,3.847652259266760666e+01,4.614623024686443387e+01,1.400246185857949356e-08,3.044817558256354683e-09,4.769176836016094737e-10
3.937911509513287456e+01,4.131338093084195862e+01,4.734487547536627972e+01,8.032777944335684935e-09,7.371320836242623633e-10,2.619153318562872225e-10
3.904943166925659170e+01,4.122508025828210521e+01,4.623027147478569532e+01,9.472303569915452252e-09,7.704058318507674699e-10,4.572925279188851090e-10
4.175985089681489626e+01,4.163017401996694389e+01,4.807055336817575153e+01,2.442842970868571913e-09,6.291505331888818953e-10,1.822140954367931639e-10
4.232344993510923814e+01,4.370566238743413123e+01,4.786182769795414060e+01,1.842941605843841748e-09,2.228784076946919743e-10,2.022582162590367389e-10
3.962269501318587572e+01,4.121866553164363722e+01,4.570529704403816140e+01,7.111693882215802406e-09,7.728807701482483849e-10,5.945533826780548684e-10
3.953709014426931390e+01,4.074049435771303251e+01,4.620501845405669883e+01,7.422700125579529001e-09,9.816260002219160327e-10,4.631031434628896962e-10
3.771182029707415495e+01,3.949115348592749797e+01,4.439372527251180145e+01,1.848903424646310754e-08,1.833314512393028115e-09,1.145499874239226880e-09
3.826563079256447963e+01,4.116086071955214720e+01,4.621697333880365477e+01,1.401702363943714757e-08,7.955448292330770488e-10,4.603432279454458998e-10
4.263808918984068441e+01,4.474382169041928137e+01,4.969082900352441357e+01,1.574666283798704411e-09,1.326278007184177696e-10,8.104823948496101848e-11
4.297579489298732369e+01,4.491900653648190200e+01,5.172409059082929161e+01,1.330015391803691379e-09,1.215048635569930416e-10,2.932421815925085412e-11
4.121461826770973857e+01,4.428567086935800035e+01,5.171253848270134768e+01,3.208420716961038387e-09,1.667710852065362803e-10,2.949408654092707108e-11
4.153249161083294894e+01,4.422019560700209695e+01,5.095100692807682208e+01,2.736944510542591906e-09,1.723211274222696446e-10,4.316178789403515941e-11
4.612567567162477644e+01,4.883374681516943383e+01,5.657952626880432945e+01,2.753396439801150213e-10,1.716005247281254751e-11,2.587509665285334373e-12
4.427657681539858459e+01,4.756544158778706333e+01,5.560115580666752066e+01,6.940575157046590068e-10,3.235397103331606423e-11,4.220194111723933702e-12
4.296627443415491143e+01,4.508983469684608281e+01,5.566780731792096049e+01,1.336361663065577545e-09,1.115575064737479035e-10,4.081870623119568265e-12
4.375891037995461375e+01,4.625600311199741554e+01,5.789381440146826208e+01,8.990944143219114192e-10,6.226852014693613170e-11,1.341182687927055501e-12
4.191394047435096581e+01,4.511176956583949504e+01,5.393327655439497903e+01,2.261702219556523370e-09,1.103406916940607259e-10,9.716454136698278039e-12
4.325493430778806214e+01,4.502824113503083936e+01,5.494354919422403327e+01,1.156757471178664073e-09,1.150465687423593176e-10,5.863134928346107030e-12
3.909752283958005137e+01,4.093331928227053140e+01,5.085694171815339359e+01,9.247253066662610900e-09,8.914041520156851135e-10,4.524029487700165437e-11
3.826666840844336548e+01,3.991581320254408638e+01,5.205197068216511980e+01,1.400975338238226248e-08,1.482597592261637366e-09,2.489018844042900787e-11
3.778154717950019403e+01,4.041332456075906521e+01,5.164125674024762702e+01,1.785554977549435742e-08,1.156085812931051050e-09,3.056423878076200841e-11
3.774403070340122213e+01,4.045220355442870641e+01,5.281697076087948517e+01,1.819364959320418995e-08,1.133829116801758285e-09,1.697893822353257446e-11
3.803349613903264981e+01,4.038236940506612882e+01,5.196649585597697296e+01,1.574211951700001708e-08,1.174118411590197264e-09,2.597698881016002084e-11
3.757864949075883487e+01,3.859843393880146323e+01,5.202759667041391367e+01,1.976204573510925251e-08,2.864762102989217515e-09,2.519538122901199674e-11
3.923387720366372378e+01,3.922691952847162611e+01,5.278305131457454991e+01,8.637812428511983394e-09,2.092255176959481355e-09,1.726935202304940682e-11
3.665789265938292374e+01,3.784583179757100879e+01,5.139697271246041055e+01,3.131639091092231235e-08,4.173630922326883210e-09,3.453497822884961751e-11
3.921969070391423884e+01,4.147535335063730599e+01,5.641433111718288274e+01,8.699300407428323913e-09,6.797879315602140801e-10,2.810306268545061999e-12
4.065366005384566961e+01,4.299461323387731682e+01,5.804596002317339298e+01,4.247191472628759540e-09,3.180316615852437074e-10,1.242939348359276331e-12
3.880088251597771887e+01,4.026704638625960797e+01,5.541122715395249543e+01,1.072574261014542669e-08,1.243809798317468526e-09,4.640608274954863088e-12
3.994385927902112599e+01,4.084398381502614939e+01,5.606718983767132158e+01,6.056658963769934754e-09,9.321238125844603707e-10,3.342984963517436592e-12
4.342492281757949968e+01,4.113331258783000521e+01,6.126153316908312263e+01,1.062502051518318173e-09,8.065785311278913575e-10,2.489987117616235302e-13
4.070176228071795776e+01,3.923800818718154915e+01,5.608669187934719957e+01,4.146260406300276385e-09,2.080687123346492934e-09,3.310545861688129397e-12
4.392247194573792513e+01,4.365217513493553270e+01,5.907182825621202937e+01,8.284920718659633504e-10,2.289194035468324243e-10,7.441928284219507711e-13
4.331186543623698526e+01,4.168926475800253684e+01,5.497193036616590689e+01,1.124293955276911109e-09,6.108339657917778318e-10,5.780521163295838177e-12
4.503075849702872802e+01,4.180849555401800899e+01,5.577721961605857359e+01,4.760219620430021309e-10,5.754830542636000028e-10,3.864565359946864337e-12
4.404752367468245211e+01,4.029200670921636629e+01,5.330554798130469862e+01,7.782761447862024696e-10,1.228383313922311703e-09,1.329894937451743426e-11
4.607281971013435395e+01,4.087621359843979008e+01,5.565572130285727326e+01,2.827133213245773454e-10,9.172231222544565692e-10,4.106612079149454601e-12
4.668594442515313858e+01,4.165172337194599095e+01,5.716698219639511080e+01,2.080692647452072984e-10,6.224080294218851625e-10,1.928934793651975141e-12
4.369906944423200912e+01,3.814968170720385388e+01,5.576778605869185412e+01,9.264022340093384667e-10,3.585369105004485429e-09,3.882836716554710281e-12
4.539084314801584696e+01,3.943311277234170120e+01,5.732684101216000272e+01,3.975901363171769207e-10,1.887297467398202218e-09,1.780756942100590782e-12
4.305383856722619385e+01,3.646169422798993764e+01,5.558212176168672158e+01,1.279115313743924110e-09,8.338265044721721703e-09,4.260549521073765194e-12
4.285810204479639651e+01,3.632508565591342631e+01,5.752445765781158116e+01,1.410630741900415100e-09,8.927705799733668814e-09,1.613216802274960383e-12
4.332235851083896705e+01,3.866178418395793415e+01,5.526346646296224208e+01,1.118410751821618281e-09,2.775442484983229212e-09,4.996440689707665544e-12
4.314026924521749606e+01,3.871115321202159976e+01,5.730065030185505748e+01,1.225015306274198577e-09,2.707770694787981141e-09,1.804229944907214211e-12
4.319024365181758185e+01,4.086972616046114126e+01,5.908421157851626049e+01,1.194784859801187783e-09,9.202031669143561090e-10,7.395992741374552801e-13
4.092788675150586641e+01,3.887353650077784550e+01,5.694428943755701766e+01,3.703004753768855725e-09,2.496610545386528651e-09,2.156128623331187385e-12
3.886523299924010644e+01,3.934846354842011351e+01,5.757039517375960713e+01,1.038613207340037314e-08,1.968891130397626216e-09,1.576585514012194489e-12
3.860105471415590728e+01,4.190905439257039689e+01,5.650646085359039716e+01,1.185275825187495063e-08,5.472634771865704737e-10,2.683786315023964843e-12
4.014857815447248868e+01,4.094899998905020766e+01,5.847131888225339935e+01,5.467376494069495837e-09,8.844425548032719512e-10,1.004811123704145719e-12
3.806977200735855149e+01,3.846473828520538518e+01,5.541192416824924294e+01,1.545916386242871274e-08,3.062811049543846306e-09,4.638991271583221969e-12
4.040565229599087615e+01,4.020739452768975752e+01,5.782162470302864676e+01,4.807906803673366835e-09,1.281466360870528432e-09,1.390476754032847678e-12
4.486174154185209773e+01,4.220603936287079705e+01,6.096128793658135692e+01,5.179985637131896430e-10,4.717446663359669631e-10,2.893307041911793570e-13
4.302973535751152667e+01,4.107964696999988519e+01,6.029740250919348910e+01,1.294623970465959035e-09,8.285142814991355156e-10,4.032323927726597600e-13
4.404597080782332341e+01,4.164214894361793995e+01,6.168669060241882107e+01,7.788806590546210125e-10,6.253947733435033259e-10,2.013146297050521418e-13
4.367882948583064717e+01,4.338794124170090072e+01,6.142486843156075338e+01,9.358250040489069496e-10,2.612523866254245114e-10,2.294717874778747387e-13
4.261038052244475693e+01,4.405023379279737128e+01,6.291983757043635705e+01,1.596634059023536436e-09,1.876053704130059952e-10,1.086678000037534736e-13
4.339133230750303483e+01,4.353837301194289466e+01,6.164764502640900901e+01,1.080497742544793656e-09,2.423228804278616581e-10,2.052834678803643504e-13
4.008110853352263803e+01,4.079758352850694791e+01,5.874815472727641463e+01,5.654963723945568503e-09,9.540020261019198003e-10,8.749239284873222917e-13
4.025451067788526416e+01,3.813068253149685916e+01,5.753483360508835176e+01,5.185325528775093230e-09,3.619590923034258828e-09,1.604869148458860253e-12
4.259915778678623610e+01,4.087520220901569701e+01,5.849061442514721421e+01,1.605618544067748543e-09,9.176870744363428562e-10,9.951635492644397398e-13
4.284548299750895239e+01,4.126571972075544181e+01,6.249191725561831845e+01,1.419559287734020342e-09,7.549093675916626307e-10,1.345930362890897475e-13
4.677688235097593861e+01,4.335879018537889351e+01,6.524934399021003628e+01,1.988204318683776852e-10,2.650881644801450119e-10,3.390431567191100002e-14
4.668509683681259048e+01,4.209887986920148251e+01,6.468033026972261723e+01,2.081574619740352176e-10,4.977100232965671520e-10,4.506244400709851230e-14
4.499040731343484367e+01,4.011268009584819083e+01,6.338905040052850381e+01,4.857235251374402366e-10,1.343612970953748833e-09,8.594341435519626148e-14
4.195772619799390668e+01,3.595803138332121307e+01,5.710308178633204079e+01,2.212725165519609155e-09,1.072617041918015048e-08,1.991559768912775367e-12
4.475136937687057070e+01,3.768760532743544900e+01,5.490592264444785542e+01,5.473883708214771881e-10,4.517232903083130255e-09,5.974483832015490826e-12
4.649852397080030642e+01,4.050041152939229505e+01,5.655044015620660502e+01,2.285102929441277517e-10,1.106826062001534323e-09,2.625414925105838965e-12
5.035322332325813477e+01,4.439295219943960547e+01,5.987878948797515477e+01,3.325587950866951155e-11,1.580610672246336361e-10,4.971140931123180946e-13
4.857687706084834645e+01,4.297719514775599237e+01,5.372885485967708519e+01,8.083456914651483248e-11,3.208135090523567891e-10,1.076210963796940588e-11
4.712375583336324780e+01,4.256410451962801744e+01,5.241230711841126322e+01,1.671623212276064324e-10,3.944156489009394175e-10,2.078653599451507897e-11
5.019748496876854915e+01,4.528296394682547543e+01,5.590536386826715898e+01,3.594898161836299871e-11,1.012887740322178414e-10,3.624720182269093211e-12
5.356982552305998979e+01,4.964607798786528292e+01,5.916891298261907650e+01,6.658741341287820294e-12,1.143202429229255244e-11,7.089307266421353743e-13
5.579577107584918849e+01,5.247111170544303604e+01,5.960534175571956439e+01,2.187933962655638610e-12,2.784036092851772617e-12,5.699470315954038582e-13
5.942087539971907972e+01,5.648435984997195192e+01,6.471461313692270778e+01,3.571517707358189781e-13,3.742907543733749766e-13,4.429659177028581801e-14
5.294833955020658323e+01,5.047075722997760749e+01,5.613431922894596937e+01,9.085443026979336413e-12,7.569136138622484484e-12,3.232640882614833218e-12
4.732832086682174122e+01,4.717426719960349146e+01,5.175267912481649546e+01,1.509098754066272916e-10,3.934323178523076246e-11,2.890803158298052431e-11
4.886765118707626243e+01,4.835709078659783700e+01,5.367538056191187934e+01,6.989664471621968462e-11,2.177825873012836168e-11,1.105373906230765746e-11
4.405720734329952393e+01,4.314487471678148722e+01,4.851834910060642869e+01,7.745169686448416607e-10,2.950132295024582685e-10,1.456613603643720525e-10
4.446015566009373288e+01,4.292564317209325964e+01,4.778089015038494836e+01,6.331867550974292429e-10,3.291902902728318011e-10,2.106112365405969355e-10
4.300472378957420005e+01,4.153506396988086635e+01,4.672366821370087564e+01,1.310915917616468808e-09,6.597926206804746934e-10,3.573175640430114559e-10
4.416913781313269283e+01,4.394305579369029147e+01,4.773710504598057014e+01,7.323615654332403794e-10,1.979332123939998789e-10,2.152728956519818403e-10
4.150809918277082033e+01,4.176342294998175930e+01,4.490670171337114880e+01,2.770529258669187533e-09,5.885995577884086778e-10,8.863466896815200417e-10
4.080461521582765272e+01,4.144875339815553161e+01,4.292337396989751142e+01,3.938422858813302761e-09,6.888894859638469462e-10,2.389339013806232998e-09
4.001011006483167876e+01,4.071853594262574916e+01,4.152711493311653612e+01,5.859316326964734336e-09,9.924628569997142011e-10,4.802546426768329160e-09
3.993984345137869241e+01,4.087746303897438338e+01,4.155331919926538831e+01,6.068832430559795606e-09,9.166502933279011321e-10,4.740033246670149310e-09
3.963620303937204881e+01,4.058835874387295917e+01,4.115583423158386722e+01,7.063823250034412695e-09,1.059209535360473112e-09,5.782213880103454598e-09
3.736588588737868122e+01,3.796370546678008395e+01,3.893345182345001376e+01,2.198026527339119696e-08,3.934758655178029195e-09,1.756622172227206245e-08
3.761232594324246747e+01,3.791856544310576282e+01,3.955894102111778921e+01,1.943207380528544780e-08,4.024575980900353478e-09,1.284857922167397465e-08
3.338238180973348790e+01,3.393429301508876961e+01,3.551340636729219113e+01,1.610793428907979278e-07,2.950488293797670819e-08,9.712517065330154266e-08
3.040358095145711559e+01,3.138465401786743314e+01,3.190752853418234736e+01,7.142960310427947374e-07,1.055701089038100220e-07,5.893024105044465245e-07
3.234855299679475138e+01,3.258513031373149715e+01,3.226804495461328770e+01,2.701051865772908934e-07,5.792430799325886379e-08,4.920996674398854671e-07
3.417463089167722501e+01,3.374614096729055746e+01,3.374974552944331663e+01,1.083939760109293885e-07,3.241534095059754675e-08,2.345880470684148191e-07
3.757593517461646115e+01,3.694834223454381572e+01,3.688837821316337795e+01,1.978888416285681335e-08,6.537345284381555477e-09,4.883829031521585025e-08
3.896901284927662346e+01,3.827325084392577992e+01,3.819602189807847026e+01,9.860940375215664374e-09,3.370553110194787083e-09,2.539856814880613863e-08
3.821502012196287978e+01,3.772480964233909617e+01,3.771903706159355352e+01,1.437625519038781166e-08,4.433979373746237210e-09,3.223926819078247943e-08
3.889140553116158117e+01,3.858457244046803680e+01,3.860139126006470178e+01,1.025110183458599104e-08,2.884686014610108030e-09,2.073883686179694853e-08
3.869879095611031516e+01,3.858986788035690552e+01,3.890841584118970786e+01,1.128746122351768965e-08,2.877058276429187626e-09,1.778749760526349469e-08
3.934279385392801487e+01,3.944449898853781633e+01,3.962917372188530862e+01,8.179990870032470505e-09,1.876583405996179316e-09,1.240521425225344567e-08
3.982344518367608543e+01,3.995514536638802383e+01,3.983941488864365965e+01,6.432513536781352764e-09,1.453725537182896722e-09,1.116737191860594667e-08
4.068810863301769132e+01,4.049319556877162540e+01,4.043277770348504419e+01,4.174663035293514816e-09,1.110826681378326790e-09,8.300492892168665730e-09
3.830605055632622680e+01,3.840084501499586622e+01,3.820659771643477143e+01,1.373658461229829383e-08,3.162237267132668641e-09,2.526461729927099284e-08
3.509751962291193195e+01,3.568290841977432137e+01,3.501828003513219301e+01,6.832858156567514280e-08,1.230798293087094917e-08,1.244076572434166337e-07
3.765766612436345895e+01,3.812396672825707356e+01,3.755827651280196733e+01,1.899650280373314052e-08,3.631765582472774880e-09,3.493766567626121928e-08
3.628068150176841300e+01,3.675043667835052474e+01,3.623595306062634336e+01,3.781656410812459653e-08,7.217321793346537388e-09,6.767570271154347039e-08
3.228763741795046371e+01,3.301918299008320901e+01,3.239513867925052182e+01,2.784585603623802668e-07,4.662378345344805185e-08,4.618011604285950633e-07
2.923480421967178700e+01,2.912281236987837474e+01,2.896810690096754115e+01,1.281370966885748337e-06,3.271098658218256261e-07,2.562273678335849869e-06
2.710470321718457853e+01,2.689489292100915918e+01,2.657804648056117003e+01,3.717238574215038922e-06,9.965066569974868705e-07,8.464874841944489752e-06
2.617450977272892487e+01,2.629450547302258201e+01,2.603709259541574284e+01,5.918468973449929671e-06,1.345403899527987743e-06,1.109397505025951895e-05
2.313601594682040741e+01,2.331432108622902888e+01,2.310496188022807473e+01,2.704020166177268790e-05,5.970236004810935560e-06,4.806083144403919814e-05
2.464084464793995721e+01,2.492208237768136314e+01,2.467104334121904685e+01,1.274208581509371006e-05,2.672209912593595153e-06,2.196448431971524131e-05
2.192741292800201336e+01,2.191857926876400597e+01,2.193625985395192401e+01,4.948285364028057854e-05,1.199700898116147576e-05,8.621279007666955479e-05
2.174026015071285656e+01,2.178956626584840706e+01,2.175367958049173467e+01,5.433684854029452341e-05,1.279639983672068426e-05,9.445359731056468251e-05
2.544477317310156650e+01,2.548395239698947989e+01,2.546937126888224157e+01,8.524514708943838507e-06,2.017725330765429743e-06,1.473554844348192729e-05
2.866044699059784762e+01,2.869076085469350801e+01,2.881421812155531370e+01,1.707634683863837756e-06,4.059872897865260061e-07,2.767209494223854164e-06
2.854859134902289952e+01,2.852173855845830985e+01,2.892339435464964481e+01,1.805860136055909431e-06,4.417892689403182002e-07,2.620201683049638871e-06
2.939286317634832812e+01,2.941110433148787706e+01,2.996647023668265319e+01,1.184003028471010021e-06,2.831990804370532704e-07,1.555369832964782183e-06
3.163838426911752322e+01,3.163766216733347392e+01,3.215578968131012516e+01,3.852512916244867499e-07,9.302527187661177904e-08,5.205099003531126317e-07
3.120476553749176674e+01,3.116726058797212318e+01,3.166499374487830210e+01,4.785234383682879702e-07,1.176921110995852384e-07,6.652792497453489855e-07
2.678724922874243930e+01,2.677700117084532394e+01,2.668719673822488403e+01,4.356670278883799376e-06,1.057012376719087777e-06,8.015283056521767735e-06
2.699263087779036141e+01,2.705412134786092793e+01,2.693132112197781680e+01,3.931485104039962733e-06,9.202465346434927550e-07,7.094273500665816179e-06
2.393992419798087212e+01,2.397697403525671689e+01,2.397698109526390908e+01,1.809020412989319632e-05,4.286454712366950341e-06,3.107668696365002616e-05
2.712593015013408149e+01,2.718906282036914490e+01,2.736971075587644009e+01,3.677994413908531075e-06,8.602051181877814574e-07,5.697873827075493650e-06
2.772489055198093411e+01,2.770675513798050815e+01,2.791249198975128820e+01,2.726141955234139259e-06,6.640282618008032017e-07,4.343595561547260048e-06
2.668311105545581086e+01,2.647175767539738445e+01,2.682543251573224552e+01,4.589527854026387922e-06,1.231297096618228829e-06,7.479995665684332538e-06
2.515433351100728032e+01,2.482064525114401476e+01,2.502362807843019255e+01,9.856842922820198801e-06,2.811236370160817550e-06,1.841442695780250071e-05
2.573357042599309352e+01,2.525606647829772555e+01,2.562168186992857954e+01,7.378331060441127726e-06,2.261240965545434052e-06,1.365502431286406997e-05
2.623523012630903395e+01,2.575182971826870926e+01,2.653389369866272318e+01,5.741483459189079174e-06,1.764790775203325515e-06,8.653826742287802176e-06
2.771045998712361325e+01,2.747136178229266079e+01,2.829381682713574264e+01,2.745882972244822912e-06,7.469672852797693933e-07,3.589597419620078056e-06
3.037106623277213657e+01,3.011397639046481345e+01,3.062077722994581563e+01,7.260035067585160209e-07,1.992806405522328847e-07,1.121379759717864366e-06
2.976663904564702534e+01,2.911571684086447931e+01,2.964405280559731182e+01,9.821739573284014172e-07,3.282724356362197934e-07,1.827450941344096012e-06
2.738401668144069845e+01,2.729371357495620032e+01,2.700796722682207474e+01,3.232721466415739576e-06,8.163518845164794838e-07,6.827542894733815367e-06
2.818589374571456574e+01,2.733012961294298293e+01,2.752789673791630776e+01,2.164925196539688460e-06,8.016222396679119188e-07,5.264573319862990043e-06
2.689656094434030820e+01,2.609900737558564288e+01,2.616626524248204078e+01,4.124943036231204351e-06,1.483558084598091939e-06,1.040010444782876530e-05
2.605805549419164890e+01,2.491358707628387492e+01,2.481791824767788057e+01,6.273315077194572035e-06,2.683584667786989311e-06,2.040927279930131725e-05
2.673324242049420718e+01,2.598751565153361298e+01,2.548386757915068301e+01,4.475918008336347354e-06,1.568608900212325956e-06,1.462912904044852992e-05
2.468246675812406465e+01,2.387333373689034488e+01,2.334354166315461043e+01,1.247964982184922180e-05,4.514435417475105408e-06,4.265641354445004680e-05
2.532112685629181215e+01,2.491344484840010409e+01,2.395772344484794303e+01,9.068158887911535669e-06,2.683775514856961809e-06,3.137736421171319871e-05
2.595433228800902725e+01,2.546202452718353015e+01,2.460440042242044001e+01,6.607243442113260867e-06,2.039969257602801294e-06,2.270870336575257710e-05
2.489919351261414704e+01,2.471035456980098388e+01,2.359256045902657206e+01,1.119800823309934753e-05,2.970617122641229825e-06,3.766262565845435921e-05
2.406987138067415799e+01,2.312288893248114618e+01,2.258917342221320723e+01,1.695218937455996488e-05,6.569925777780424178e-06,6.220042044522183149e-05
2.364087851583826705e+01,2.271679252204557997e+01,2.220851835575376754e+01,2.100779216853484394e-05,8.049023184352097795e-06,7.524047311727835076e-05
2.366797856178891379e+01,2.226199800623726333e+01,2.296432921724044718e+01,2.072505596891497043e-05,1.010416786283403042e-05,5.156194300855103754e-05
2.077254216835717671e+01,1.895855784040031722e+01,1.979701043481327360e+01,8.815191194491311564e-05,5.270277345181034116e-05,2.512486919000413068e-04
1.954073298699586303e+01,1.975600940263393568e+01,1.918075182908069110e+01,1.631983266267732408e-04,3.537276947321854728e-05,3.419185517281437235e-04
1.764239100611303002e+01,1.805496652264628210e+01,1.810420251023606397e+01,4.216338061620939826e-04,8.280295425878562196e-05,5.857231368864994391e-04
1.873109749738432583e+01,1.855416927711485187e+01,1.889174177709719515e+01,2.446390683123607053e-04,6.451271673007681336e-05,3.950757749619473644e-04
1.656247905127020204e+01,1.632404373403915088e+01,1.743066844772693003e+01,7.234946539019437503e-04,1.967482778970294516e-04,8.202541625280679056e-04
1.571062197600622312e+01,1.546032222015492152e+01,1.621767690752676572e+01,1.107678535127537296e-03,3.030160854682756050e-04,1.504340712822646456e-03
1.774575929679122055e+01,1.737553248724725563e+01,1.824335832232100074e+01,4.003955902694439502e-04,1.163008953254524974e-04,5.463551975730814806e-04
1.761979741400136845e+01,1.711728262499309494e+01,1.785028591435184353e+01,4.264239228242339597e-04,1.323309112606378592e-04,6.650122843702495519e-04
1.926821653020306258e+01,1.932368740877791424e+01,1.979532157147696125e+01,1.870216559486386377e-04,4.390829687694401516e-05,2.514609438555885298e-04
1.865430676060714177e+01,1.778722359100356698e+01,1.844965969507029513e+01,2.542147296400423437e-04,9.466413498601402535e-05,4.928074958623305255e-04
1.962320895745506277e+01,1.878181855473667383e+01,1.944122326772776432e+01,1.566052336874420735e-04,5.757207978120442631e-05,3.001663546695706075e-04
2.030906516013055807e+01,1.991260553749089013e+01,2.021943574033502955e+01,1.111410485603773975e-04,3.270880254925003731e-05,2.034114144400426627e-04
1.996611036515241722e+01,1.961427029319020221e+01,1.993333593777788337e+01,1.319307943517416572e-04,3.797058780646222706e-05,2.346935220531316108e-04
2.034618911405777908e+01,2.054323484127235133e+01,2.068872447541798465e+01,1.090970797152029335e-04,2.386301046833137995e-05,1.608683345677071894e-04
2.112213739602520945e+01,2.109584691456984729e+01,2.138648541599832242e+01,7.401471941595008414e-05,1.810202018087911390e-05,1.134889825764894868e-04
2.103995766306979931e+01,2.119977831783398869e+01,2.188350621593417600e+01,7.711932139524440731e-05,1.718535972556382933e-05,8.851706536707753419e-05
2.148101446674263570e+01,2.113083412814376061e+01,2.195649917085393099e+01,6.185701111050459348e-05,1.778810432357218061e-05,8.534474565137910329e-05
2.267517074281204259e+01,2.229932834475403070e+01,2.336670882385078585e+01,3.404718344810733939e-05,9.917321047749564562e-06,4.216515033731447673e-05
2.064674336007738020e+01,2.028872793829214061e+01,2.188114307323849062e+01,9.387470826886730501e-05,2.710133618489146915e-05,8.862171640947164009e-05
2.209487876899947878e+01,2.185949795252236072e+01,2.326836425444344059e+01,4.550823497141417100e-05,1.235669504719567915e-05,4.429032886516908314e-05
2.332860546306255856e+01,2.330592499605336343e+01,2.427272188885035575e+01,2.455781051595133730e-05,5.995352006912608529e-06,2.680497557244563835e-05
2.342050891803592094e+01,2.359488038993731607e+01,2.441216114240887691e+01,2.345487174054316758e-05,5.188822571288705264e-06,2.499980185892857986e-05
2.675767904323583934e+01,2.636688167697866447e+01,2.766618552880390780e+01,4.421562590363020719e-06,1.297586710909738523e-06,4.912857293227709549e-06
2.474343257873988478e+01,2.436231744707765756e+01,2.485153153880310128e+01,1.210497340174888524e-05,3.535265059444821306e-06,2.006912774039986910e-05
2.837705490798907704e+01,2.751373295826124377e+01,2.824536913763949997e+01,1.967581706381821636e-06,7.313087969384203132e-07,3.677613004269401693e-06
2.729695382086720201e+01,2.652185962261137320e+01,2.768499415069891256e+01,3.376554368829211857e-06,1.200835050529438885e-06,4.866871825337521996e-06
3.221676709972234676e+01,3.234142524418712128e+01,3.198847540948190726e+01,2.885026904584627102e-07,6.543057510204600868e-08,5.659275376418951183e-07
3.374225721490802243e+01,3.397726080925713177e+01,3.385493944297923008e+01,1.345531588429636864e-07,2.887776367312774213e-08,2.225683015795630687e-07
3.812164581226534210e+01,3.821189606429106789e+01,3.809290830165627995e+01,1.506335623801282532e-08,3.475555242851164840e-09,2.674238068470401709e-08
3.534658811235203757e+01,3.640016942984584603e+01,3.533572051612645737e+01,6.032785306341544308e-08,8.598756206003185353e-09,1.061489706862758117e-07
3.456058628484606743e+01,3.616044896881066961e+01,3.451176620632395498e+01,8.937087257976171848e-08,9.693715569469174849e-09,1.602637100408869340e-07
3.457309271976555465e+01,3.486967377987821237e+01,3.429316334223403828e+01,8.881376076499846143e-08,1.848325876148763262e-08,1.787739356356415674e-07
3.497468979144105106e+01,3.566056460637264536e+01,3.472849358829625999e+01,7.265651523233070929e-08,1.244625752509775210e-08,1.438048188108924183e-07
3.918895205557782901e+01,4.042057216519606300e+01,3.917492181262059603e+01,8.834035517007984458e-09,1.151903968262680652e-09,1.556839414979982552e-08
3.819931467447167961e+01,3.938615631734865019e+01,3.817361387957498664e+01,1.448959237126655643e-08,1.932132126364954594e-09,2.568473405050813056e-08
3.681954488759947708e+01,3.854836226656698273e+01,3.681332292153456365e+01,2.888480035947409524e-08,2.937389163636538581e-09,5.070590070876568986e-08
3.759325735884704045e+01,3.934054238987300778e+01,3.739574934009215212e+01,1.961823090285382591e-08,1.976704542405837408e-09,3.789537524081733653e-08
3.912747652730467962e+01,4.051734893470711540e+01,3.896918208345596213e+01,9.109790349617652657e-09,1.097492259571814132e-09,1.725518551127198944e-08
4.670949977544296416e+01,4.899347889657292399e+01,4.665148014188889647e+01,2.056330670708830307e-10,1.584284709704081228e-11,3.704501757991400705e-10
4.809895472551579587e+01,5.001065369550269679e+01,4.807685718637367245e+01,1.026541814512438057e-10,9.527007993347619513e-12,1.816406773270258573e-10
4.322467813423645566e+01,4.488163913699463592e+01,4.318331715733438614e+01,1.174390035785281397e-09,1.237963641400252598e-10,2.098127270090982537e-09
4.430282344541410566e+01,4.566425870948660304e+01,4.435002986145627801e+01,6.850086854837588277e-10,8.370746865463783225e-11,1.170801806331279994e-09
4.364919491721957456e+01,4.471617675042944029e+01,4.378661479633592535e+01,9.497946295633404871e-10,1.344737730721085673e-10,1.551770211521637421e-09
4.622288142529941979e+01,4.706972995570686180e+01,4.637376768916874425e+01,2.622773489873746769e-10,4.145434004473971864e-11,4.256320257964464396e-10
4.234946058920468204e+01,4.325811042882196489e+01,4.255958027668020804e+01,1.819128730285898261e-09,2.787742585246243364e-10,2.865989343184086910e-09
4.402161900474675349e+01,4.530991316748622921e+01,4.419192581752940896e+01,7.884222038446947807e-10,9.993310136360885898e-11,1.267112691074971220e-09
3.761803798993059900e+01,3.881391285665813484e+01,3.767475088444552966e+01,1.937665452592237408e-08,2.572159586772801132e-09,3.296110754436691014e-08
3.741853423738211859e+01,3.861757750900142128e+01,3.758892013055447023e+01,2.140920228152526509e-08,2.837472031484008621e-09,3.440643752077780688e-08
4.275102499093554798e+01,4.368945578144121100e+01,4.357473899085380253e+01,1.488212099109665823e-09,2.246917962593267099e-10,1.725184935898956309e-09
4.600012341909678071e+01,4.695924624916733592e+01,4.581149547864697524e+01,2.931784684366504831e-10,4.380878792929079827e-11,5.638066023391468226e-10
4.274184223588963505e+01,4.376270980809931643e+01,4.301175928501834278e+01,1.495060753037538562e-09,2.166108997767445907e-10,2.286046958348376415e-09
4.031816902405626024e+01,4.193194257076902431e+01,4.009675466345652239e+01,5.022879874628618125e-09,5.410362456525346067e-10,9.819070043743632778e-09
3.820156988762028050e+01,3.982157214700418990e+01,3.786252388126013102e+01,1.447326301992197612e-08,1.554130471649954745e-09,3.000733370889080933e-08
4.130935690274054650e+01,4.377248150650120806e+01,4.131102831562748179e+01,3.059983458022927619e-09,2.155551527956160946e-10,5.350497737176935082e-09
4.504845404876687098e+01,4.663301948126172647e+01,4.486666564836923499e+01,4.718288038305431805e-10,5.157039764760956225e-11,9.042683866148926776e-10
5.198593797702415031e+01,5.541336637672793586e+01,5.315035269606232760e+01,1.470039334978041994e-11,6.393996249846536059e-13,1.437201165684956682e-11
5.202734194474760443e+01,5.595451613920158707e+01,5.303589982824996696e+01,1.439919450771840971e-11,4.878240408864288023e-13,1.521845923265238206e-11
5.348745315353153273e+01,5.681707442912738770e+01,5.408988004572165664e+01,6.938715449546457781e-12,3.169283185674839230e-13,8.984662936440166648e-12
5.307037137919905945e+01,5.563214744479410001e+01,5.383328871951744077e+01,8.547659910659119141e-12,5.731452162350293451e-13,1.021456526226654065e-11
5.170862437352843699e+01,5.543704997439635918e+01,5.260986055266039330e+01,1.688677976984526481e-11,6.318726377430698507e-13,1.883145767473078834e-11
5.378450301269185729e+01,5.761142230464611202e+01,5.475602032550159493e+01,5.981023660995717114e-12,2.130446325304895395e-13,6.439486916631705660e-12
5.626523582821391756e+01,5.880745231706896448e+01,5.755200792709729285e+01,1.730179787153687471e-12,1.171536920392457693e-13,1.591146880673815144e-12
5.312397985591451288e+01,5.529358629893977195e+01,5.443080929203642881e+01,8.321589751400861209e-12,6.788632369994260262e-13,7.576522962514868456e-12
4.669456470941804582e+01,4.743203125661602826e+01,4.726651067702550790e+01,2.071743865522316502e-10,3.458575635232178749e-11,2.723815089101400671e-10
4.462006270572965150e+01,4.513299051455760491e+01,4.461245052332742489e+01,5.845322107245923993e-10,1.091761139013551937e-10,1.026832157519912103e-09
4.215207291644401266e+01,4.215919123364074039e+01,4.250974637422405067e+01,2.007823908919935846e-09,4.829252803782907572e-10,2.938298176640265151e-09
3.745246567664435133e+01,3.845167626415786799e+01,3.798257800891587976e+01,2.104904357276349950e-08,3.082879763898666602e-09,2.825907782529302265e-08
3.606846774347650353e+01,3.777143277516370290e+01,3.712998143563891063e+01,4.204977727384528306e-08,4.331811838439265780e-09,4.328096935400343991e-08
3.816766601906056167e+01,3.799562415067703114e+01,3.818025942353779101e+01,1.472070420124312336e-08,3.872460933900181292e-09,2.559953116912125217e-08
3.875627374689065618e+01,3.897449088583744015e+01,3.877617382214884856e+01,1.096766159569420297e-08,2.373716422240196306e-09,1.900337962419293856e-08
3.834727086425118614e+01,3.747109124980488559e+01,3.813725131794126355e+01,1.345636905051309107e-08,5.033706822831922601e-09,2.615598641747656781e-08
3.937174537794271600e+01,3.826627059706879663e+01,3.970002964230661746e+01,8.062432197496820897e-09,3.382337308763505126e-09,1.197341682920127682e-08
3.870408326835968182e+01,3.833760527038612054e+01,3.994655478529966786e+01,1.125763232223937202e-08,3.263824428349043545e-09,1.058487776664842933e-08
3.536888207880110713e+01,3.512580838242138270e+01,3.732019196212422685e+01,5.965911363545477576e-08,1.626146322491820838e-08,3.935439931835667911e-08
3.379410170469418517e+01,3.407599891628342448e+01,3.562539692043719697e+01,1.311100581586634979e-07,2.748671569637017622e-08,9.183608371278858729e-08
3.519143872234781156e+01,3.528786149855659460e+01,3.769245069141106796e+01,6.519407563244901059e-08,1.499582053437394838e-08,3.267069189461202466e-08
2.983246238054198329e+01,2.945453673720476218e+01,3.013031963992762030e+01,9.503751212920889363e-07,2.771153684039706739e-07,1.433026513021628369e-06
2.818831252863310510e+01,2.752815539096627617e+01,2.844079123630217509e+01,2.162308537098758514e-06,7.260541399881415413e-07,3.335267387272259290e-06
2.754270577746501658e+01,2.690907545771187870e+01,2.753692981287895236e+01,2.986134655551843358e-06,9.894651569693811752e-07,5.240849292698682274e-06
2.840268439017017954e+01,2.729681541578247561e+01,2.941107639237816329e+01,1.942528524109021780e-06,8.150867690147954495e-07,2.053222015565875199e-06
2.974398417568954756e+01,2.862895826343810768e+01,3.074687860364429071e+01,9.933627193185054174e-07,4.187286717864555741e-07,1.052858839464410155e-06
2.827331174100254430e+01,2.643560387434627046e+01,2.868177547379309544e+01,2.072336701587695689e-06,1.253757527618650154e-06,2.956661421096564853e-06
2.958536394098700839e+01,2.741451321321073920e+01,2.963352212635072647e+01,1.075354862727127240e-06,7.685039277596715412e-07,1.837098467657629819e-06
2.965833474518512958e+01,2.761355609380916576e+01,3.037299296978744678e+01,1.036827230099853813e-06,6.957039659742062086e-07,1.269282760602081184e-06
2.938404563392032287e+01,2.748751789188463590e+01,3.045221147962365649e+01,1.189234550758788370e-06,7.409575487892046694e-07,1.219990083686785634e-06
2.747202425400246284e+01,2.605349843237127061e+01,2.941698486094173859e+01,3.093553887608494945e-06,1.517702662597987062e-06,2.047165267630584229e-06
3.002023186458609416e+01,2.846964117714742315e+01,3.116694207220280077e+01,8.652098071608613947e-07,4.534484954765447800e-07,8.534037059190635158e-07
3.118170058590112603e+01,2.844926358853626880e+01,3.221665694273542613e+01,4.840739423481400428e-07,4.580922056565630299e-07,5.049075170818475021e-07
2.834007016367831966e+01,2.619226911595251295e+01,2.814526805298373802e+01,2.004305467750660980e-06,1.415966651162865927e-06,3.866363665126805663e-06
2.964804123123758473e+01,2.743025431691057747e+01,2.979374508860200876e+01,1.042177283780171577e-06,7.624791181384589296e-07,1.695666580060242702e-06
2.751641083712092950e+01,2.524905509349264321e+01,2.777336434612516314e+01,3.025653992254536014e-06,2.269182092259500468e-06,4.656510264596039485e-06
2.672235133820140618e+01,2.254102102053730050e+01,2.555906539280476863e+01,4.500358288899565537e-06,8.788433581973621335e-06,1.408930183082125690e-05
2.816266044712756411e+01,2.392854386203907779e+01,2.627808601625292795e+01,2.190221015156657377e-06,4.391518515205620363e-06,9.834587041257822999e-06
2.458788072770403232e+01,2.113685016399176675e+01,2.290394470166938845e+01,1.308402890173481815e-05,1.773467778121572445e-05,5.314245402105112926e-05
2.534943874049713486e+01,2.228518991664168425e+01,2.393914622559896088e+01,8.940694870882300892e-06,9.987677101104261229e-06,3.167017409199959858e-05
2.565877714687667321e+01,2.240747409331015660e+01,2.420395065100456122e+01,7.659480097228732150e-06,9.395303670203604315e-06,2.774271116293981608e-05
2.497223056924485718e+01,2.205766444147957372e+01,2.351451838156935992e+01,1.079645023157258948e-05,1.119105480197005531e-05,3.916131039194023863e-05
2.580556726971917669e+01,2.228459608961202321e+01,2.434118417190256878e+01,7.117446671856350553e-06,9.990643017705915760e-06,2.590293763429122405e-05
2.664072628140638699e+01,2.302683384102419950e+01,2.576098372615524568e+01,4.687828841830454972e-06,6.893163208293948248e-06,1.273630539025501515e-05
2.410936453181057004e+01,2.043002950987283839e+01,2.465696747606125427e+01,1.662072509872353316e-05,2.525267893667143147e-05,2.211961413575069658e-05
2.331118122960833716e+01,1.932865955941815628e+01,2.433400792712563998e+01,2.477269572105877227e-05,4.379927312051718136e-05,2.599604748962591288e-05
2.285227019904777990e+01,2.193191454234329285e+01,2.417095448540931102e+01,3.116194325853383719e-05,1.191728336879182677e-05,2.820420915704016055e-05
2.179642587538546650e+01,2.126277233365181019e+01,2.406399056210284471e+01,5.283214143317039685e-05,1.665250798322187866e-05,2.975369093525967074e-05
2.080731102540084976e+01,1.971658590269726119e+01,2.233797274709286285e+01,8.663268503974286088e-05,3.607694613724259965e-05,7.052463608939174827e-05
2.327255932748448686e+01,2.316132292756446986e+01,2.519834158296362148e+01,2.525572894055106929e-05,6.444876910430348858e-06,1.687406248745907314e-05
2.579209121780877467e+01,2.543245913582359208e+01,2.757153495370585006e+01,7.165566145340868040e-06,2.070349500031000446e-06,5.150949123628521838e-06
2.604164109148041462e+01,2.516254788890000782e+01,2.791631364698332618e+01,6.325013295854414897e-06,2.369486007329373941e-06,4.335303619614813274e-06
2.611183231081668055e+01,2.513597724524152000e+01,2.796445890788527322e+01,6.106883191389852462e-06,2.401175427482702365e-06,4.232187574436494641e-06
2.579401092046464328e+01,2.539209016646782402e+01,2.830637732142349705e+01,7.158691566975251571e-06,2.112563033818249871e-06,3.567124502279069253e-06
2.511633774756410276e+01,2.412281692460237537e+01,2.687180457499198383e+01,1.004589214022374089e-05,3.985004889551873533e-06,7.308559407786924550e-06
2.461466581212880556e+01,2.338218035017780494e+01,2.633491954189958051e+01,1.290996864861943926e-05,5.771066082449179979e-06,9.559053342876591892e-06
2.336535762360654189e+01,2.288618677105478127e+01,2.519667916599064483e+01,2.411065528173448781e-05,7.395366208296120795e-06,1.688809418222418548e-05
2.819861407561256783e+01,2.786744096766778966e+01,3.008974972450232599e+01,2.151199609953378785e-06,6.127651806230960568e-07,1.462392229455091367e-06
2.942818869584880304e+01,2.895889509778135107e+01,3.135276438587970915e+01,1.163273873387338354e-06,3.550486177913184077e-07,7.776849988869927700e-07
3.074930582640081411e+01,2.944654684508350329e+01,3.294864354096716852e+01,6.009039160208551738e-07,2.782246436253557630e-07,3.501571238025760520e-07
3.063182681359467097e+01,3.020709688411807292e+01,3.309686166751998826e+01,6.372579729341288243e-07,1.902147768969419228e-07,3.251455458999449870e-07
3.129967416930230684e+01,3.063797059449643712e+01,3.398606568268223782e+01,4.563458097364378911e-07,1.533490941190565447e-07,2.084441017223391155e-07
3.099510991272836691e+01,3.056708674209949095e+01,3.424122152903873939e+01,5.314095502765273795e-07,1.588815425999924918e-07,1.834776725952124061e-07
3.482857130829506787e+01,3.449741152583737858e+01,3.928268762492371025e+01,7.816346253054009721e-08,2.226456759166131698e-08,1.475172369916795551e-08
